Title,Description,MinSalary,MaxSalary,Location
Software Engineer,Exciting software development role,60000,80000,San Francisco
Data Analyst,Analyzing and interpreting complex data sets,50000,70000,New York
Marketing Specialist,Creating and implementing marketing strategies,55000,75000,Los Angeles
Project Manager,Leading project teams to success,70000,90000,Chicago
UX Designer,Designing user-friendly interfaces,65000,85000,Austin
Financial Analyst,Analyzing financial data and trends,60000,80000,Seattle
HR Coordinator,Managing human resources processes,45000,65000,Denver
Sales Representative,Selling products and services,50000,70000,Miami
Customer Support Specialist,Providing excellent customer service,40000,60000,Atlanta
Operations Manager,Optimizing business operations,80000,100000,Dallas
Accountant,Managing financial records and reports,55000,75000,Houston
Graphic Designer,Creating visually appealing designs,50000,70000,Phoenix
Network Administrator,Ensuring smooth network operations,60000,80000,Philadelphia
Legal Assistant,Assisting with legal research and documentation,45000,65000,Washington D.C.
Research Scientist,Conducting scientific research and experiments,70000,90000,Boston
Administrative Assistant,Providing administrative support,40000,60000,Detroit
Software Developer,Developing and maintaining software applications,65000,85000,Minneapolis
Customer Success Manager,Ensuring customer satisfaction and retention,55000,75000,San Diego
Quality Assurance Analyst,Testing and ensuring product quality,50000,70000,Tampa
Business Analyst,Analyzing business processes and data,60000,80000,St. Louis
Executive Assistant,Supporting executive-level management,45000,65000,Charlotte
Web Designer,Creating visually appealing and user-friendly websites,50000,70000,Orlando
IT Manager,Managing information technology resources,70000,90000,Portland
Operations Coordinator,Coordinating day-to-day business operations,40000,60000,Pittsburgh
Sales Manager,Leading and motivating sales teams,80000,100000,Cleveland
Human Resources Manager,Overseeing HR functions and policies,65000,85000,Cincinnati
Marketing Coordinator,Assisting in marketing campaign coordination,55000,75000,Kansas City
Project Coordinator,Coordinating project tasks and timelines,50000,70000,Indianapolis
Financial Planner,Assisting clients with financial planning,60000,80000,Raleigh
